{
  "cv_mean": {
    "mae": 2.924684143406766,
    "rmse": 3.9955348026501456,
    "r2": 0.34406103540776345
  },
  "holdout": {
    "mae": 3.2343796741121693,
    "rmse": 4.221770549647716,
    "r2": 0.4828186726299072,
    "best_iteration": 830
  },
  "n_rows": 1327,
  "n_features": 42
}